id,eventYear,event,historyDescription,title,genre,movieDescription,releaseDate,rating,numberOfMoviegoers,runtime,synopsys
1,1909,안중근 의거,"안중근, 초대 조선 통감 이토 히로부미, 을사조약, 을사늑약, 하얼빈, 저격, 독립, 일제, 일본, 제국주의",영웅,"시대극, 휴먼 드라마, 뮤지컬
","감동, 국뽕, 정성화, 김고은, 윤제균 감독",2022.12.21,12,"3,273,771",120분 26초,"어머니 ‘조마리아’(나문희)와 가족들을 남겨둔 채 고향을 떠나온 대한제국 의병대장 ‘안중근’(정성화).
동지들과 함께 네 번째 손가락을 자르는 단지동맹으로 조국 독립의 결의를 다진 안중근은
조선 침략의 원흉인 ‘이토 히로부미’를
3년 내에 처단하지 못하면 자결하기로 피로 맹세한다.

그 약속을 지키기 위해 블라디보스토크를 찾은 안중근.
오랜 동지 ‘우덕순’(조재윤), 명사수 ‘조도선’(배정남),
독립군 막내 ‘유동하’(이현우), 독립군을 보살피는 동지 ‘마진주’(박진주)와 함께 거사를 준비한다.

한편 자신의 정체를 감춘 채 이토 히로부미에게 접근해
적진 한복판에서 목숨을 걸고 정보를 수집하던 독립군의 정보원 ‘설희’(김고은)는
이토 히로부미가 곧 러시아와의 회담을 위해
하얼빈을 찾는다는 일급 기밀을 다급히 전한다.

드디어 1909년 10월 26일,
이날만을 기다리던 안중근은
하얼빈역에 도착한 이토 히로부미를 향해
주저 없이 방아쇠를 당긴다.

현장에서 체포된 그는 전쟁 포로가 아닌 살인의 죄목으로,
조선이 아닌 일본 법정에 서게 되는데…

누가 죄인인가, 누가 영웅인가!"
2,1919,3·1운동,"유관순, 3.1운동, 서대문형무소,여간수,독립운동, 독립, 일제, 일본, 식민지",항거: 유관순 이야기,"예술,독립 영화, 드라마","흑백, 감동, 여성,  고아성(유관순) | 김새벽(김향화) | 정하담, 조민호 감독","2019-02-27
",12,"1,157,707",105분 27초,"1919년 3.1 만세운동 후 세평도 안 되는 서대문 감옥 8호실 속,
영혼만은 누구보다 자유로웠던 유관순과 8호실 여성들의 1년의 이야기."
3,1920,봉오동 전투,"홍범도 장군, 독립군, 대한독립군, 봉오동 전투, 독립운동, 일제, 일본, 식민지, 만주",봉오동 전투,"사극, 액션, 드라마, 전쟁, 전투, 밀리터리 ","류준열, 유해진, 조우진, 원신연 감독",2019.08.07,15,"4,788,118","134분 31초 ","임무는 단 하나! 달리고 달려, 일본군을 죽음의 골짜기로 유인하라!

1919년 3.1운동 이후 봉오동 일대에서 독립군의 무장항쟁이 활발해진다.

일본은 신식 무기로 무장한 월강추격대를 필두로 독립군 토벌 작전을 시작하고,
독립군은 불리한 상황을 이겨내기 위해 봉오동 지형을 활용하기로 한다.

항일대도를 휘두르는 비범한 칼솜씨의 해철(유해진)과 발 빠른 독립군 분대장 장하(류준열)
그리고 해철의 오른팔이자 날쌘 저격수 병구(조우진)는
빗발치는 총탄과 포위망을 뚫고 죽음의 골짜기로 일본군을 유인한다.

계곡과 능선을 넘나들며 귀신같은 움직임과 예측할 수 없는 지략을 펼치는 독립군의 활약에
일본군은 당황하기 시작하는데...

1920년 6월, 역사에 기록된 독립군의 첫 승리
봉오동 죽음의 골짜기에 묻혔던 이야기가 지금부터 시작된다."
4,1923,황옥 경부 폭탄사건,"황옥 경부 폭탄사건, 의열단, 독립, 일제, 일본, 식민지",밀정,"첩보, 스릴러","송강호, 공유, 이병헌, 김지운 감독, ",2016.09.07,15,"7,500,420",139분 55초,"1920년대 일제강점기.
조선인 출신 일본경찰 이정출(송강호)은 무장독립운동 단체 의열단의 뒤를 캐라는 특명으로
의열단의 리더 김우진(공유)에게 접근하고, 한 시대의 양 극단에 서 있는 두 사람은
서로의 정체와 의도를 알면서도 속내를 감춘 채 가까워진다.
출처를 알 수 없는 정보가 쌍방간에 새어나가고 누가 밀정인지 알 수 없는 가운데,
의열단은 일제의 주요 시설을 파괴할 폭탄을 경성으로 들여오기 위해,
그리고 일본 경찰은 그들을 쫓아 모두 상해에 모인다.

잡아야만 하는 자들과 잡힐 수 없는 자들 사이,
자신의 목표를 위해 서로를 이용하려는 암투와 회유,
교란 작전이 숨가쁘게 펼쳐지는 긴장감 속에서
폭탄을 실은 열차는 국경을 넘어 경성으로 향하는데…"
5,1923,박열 재판,"관동대지진 조선인학살, 박열은 아나키스트였음, 독립, 일제, 일본, 식민지",박열,블랙코미디,"이제훈, 최희서, 이준익 감독",2017.06.28,12,"2,359,174",128분 30초,"""조선인에게는 영웅, 우리한텐 원수로 적당한 놈을 찾아.""

1923년, 관동대지진 이후 퍼진 괴소문으로 6천여 명의 무고한 조선인이 학살된다.
사건을 은폐하기 위해, 관심을 돌릴 화젯거리가 필요했던 일본내각은
'불령사'를 조직해 항일운동을 하던 조선 청년 '박열'을 대역사건의 배후로 지목한다.

""그들이 원하는 영웅이 돼줘야지""

일본의 계략을 눈치챈 '박열'은 동지이자 연인인 가네코 후미코와 함께
일본 황태자 폭탄 암살 계획을 자백하고,
사형까지 무릅쓴 역사적인 재판을 시작하는데....

조선인 최초의 대역죄인!
말 안 듣는 조선인 중 가장 말 안 듣는 조선인!
역사상 가장 버릇없는 피고인!
일본 열도를 발칵 뒤집은 사상 초유의 스캔들! 그 중심에 '박열'이 있었다!"
6,1931,만주사변,"덕혜옹주, 대한제국 마지막 공주, 정신병원, 결혼, 일본, 일제, 식민지, 조선, 김장한, 소 다케유키",덕혜옹주,"시대극/드라마
사극
",[주연] 손예진(덕혜옹주) | 박해일(김장한),"2016-08-03
",12,"5,599,229 ",126분 57초,"역사가 잊고 나라가 감췄던 대한제국의 마지막 황녀!
일본으로 끌려간 대한제국의 마지막 황녀! 일제는 만 13세의 어린 덕혜옹주를 강제 일본 유학길에 오르게 한다.
매일같이 고국 땅을 그리워하며 살아가던 덕혜옹주 앞에 어린 시절 친구로 지냈던 장한(박해일)이 나타나고, 영친왕 망명작전에 휘말리고 마는데..."
7,1932,우가키 조선총독 암살 사건,"의열단, 독립군, 독립운동, 독립, 일제, 일본, 식민지",암살,"액션, 드라마","전지현, 하정우, 이정재, 최동훈 감독, 천만 관객, 기억",2015.07.22,15,"12,705,700",139분 55초,"1933년 조국이 사라진 시대
대한민국 임시정부는 일본 측에 노출되지 않은 세 명을 암살작전에 지목한다. 한국 독립군 저격수 안옥윤, 신흥무관학교 출신 속사포, 폭탄 전문가 황덕삼! 김구의 두터운 신임을 받는 임시정부 경무국 대장 염석진은 이들을 찾아 나서기 시작한다. 암살단의 타깃은 조선주둔군 사령관 카와구치 마모루와 친일파 강인국. 한편, 누군가에게 거액의 의뢰를 받은 청부살인업자 하와이 피스톨이 암살단의 뒤를 쫓는데...
친일파 암살작전을 둘러싼 이들의 예측할 수 없는 운명이 펼쳐진다!"
8,1937,중일전쟁,"독립, 일제, 일본, 식민지, 마라톤, 2차세계대전, 노르망디, 독소전, 할힌골전투, 소련, 중국, 독일, 미국, 노르망디 한국인","마이웨이 ","드라마, 전쟁","장동건, 오디기리 조, 판빙빙","2011-12-21
",15,"2,142,622","137분 0초 ","그들이 포기할 수 없었던 건 목숨이 아닌 희망이었다.

1938년 경성. 제 2의 손기정을 꿈꾸는 조선청년 준식(장동건)과 일본 최고의 마라톤 대표선수 타츠오(오다기리 조). 어린 시절부터 서로에게 강한 경쟁의식을 가진 두 청년은 각각 조선과 일본을 대표하는 세기의 라이벌로 성장한다. 그러던 어느 날, 준식은 예기치 못한 사건에 휘말려 일본군에 강제 징집되고 그로부터 1년 후, 일본군 대위가 된 타츠오와 운명적인 재회를 하게 된다. 2차 세계대전의 거대한 소용돌이에 던져진 두 청년은 중국과 소련, 독일을 거쳐 노르망디에 이르는 12,000Km의 끝나지 않는 전쟁을 겪으며 점차 서로의 희망이 되어가는데… 적으로 만나 서로의 희망이 된 조선과 일본의 두 청년 국적을 초월한 인간애의 드라마가 시작된다!"
9,1942,조선어학회 사건,"조선어학회 사건, 한글, 우리말, 독립, 일제, 일본, 식민지","말모이 ","드라마 ","[주연] 유해진(김판수) | 윤계상(류정환), 감독
엄유나",2019-01-09,12,"2,866,020",135분 0초,"까막눈 판수, 우리말에 눈뜨다! vs 조선어학회 대표 정환, ‘우리’의 소중함에 눈뜨다!

1940년대 우리말이 점점 사라져가고 있는 경성.
극장에서 해고된 후 아들 학비 때문에 가방을 훔치다 실패한 판수.
하필 면접 보러 간 조선어학회 대표가 가방 주인 정환이다.
사전 만드는데 전과자에다 까막눈이라니!
그러나 판수를 반기는 회원들에 밀려 정환은 읽고 쓰기를 떼는 조건으로 그를 받아들인다.
돈도 아닌 말을 대체 왜 모으나 싶었던 판수는 난생처음 글을 읽으며 우리말의 소중함에 눈뜨고,
정환 또한 전국의 말을 모으는 ‘말모이’에 힘을 보태는 판수를 통해 ‘우리’의 소중함에 눈뜬다.
얼마 남지 않은 시간, 바짝 조여오는 일제의 감시를 피해 ‘말모이’를 끝내야 하는데…

우리말이 금지된 시대, 말과 마음이 모여 사전이 되다"
10,1944,윤동주 형무소 수감,"윤동주, 송몽규, 독립, 일제, 일본, 식민지, 민족시인, 저항시, 순수, 하늘과 바람과 별과 시, 서시, 별 헤는 밤, 윤동주는 간도 출신, 연희전문학교, 젊음",동주,드라마,"박정민, 강하늘, 이준익 감독, 흑백, 시인, 비극, 슬픔",2016.02.17,12,"1,169,335 ","110분 37초 ","이름도, 언어도, 꿈도 모든 것이 허락되지 않았던 일제 시대. 한 집에서 태어나고 자란 동갑내기 사촌지간 동주와 몽규. 시인을 꿈꾸는 청년 동주에게 신념을 위해 거침없이 행동하는 청년 몽규는 가장 가까운 벗이면서도, 넘기 힘든 산처럼 느껴진다. 창씨개명을 강요하는 혼란스러운 나라를 떠나 일본 유학 길에 오른 두 사람. 일본으로 건너간 뒤 몽규는 더욱 독립 운동에 매진하게 되고, 절망적인 순간에도 시를 쓰며 시대의 비극을 아파하던 동주와의 갈등은 점점 깊어진다. 암흑의 시대, 평생을 함께 한 친구이자 영원한 라이벌이었던 윤동주와 송몽규의 끝나지 않은 이야기가 지금 시작된다."
11,1945,일본의 패망과 광복,"강제징용, 하시마섬, 강제 노동, 독립, 일제, 일본, 식민지, ",군함도,"액션, 드라마","류승완 감독, 하정우, ","2017-07-26
",15,"6,592,151",132분 11초,"1945년 일제강점기.
경성 반도호텔 악단장 ‘강옥’(황정민)과 그의 하나뿐인 딸 ‘소희’(김수안).
그리고 종로 일대를 주름잡던 주먹 ‘칠성’(소지섭), 일제 치하에서 온갖 고초를 겪어온 ‘말년’(이정현) 등
각기 다른 사연을 품은 조선인들이 일본에서 돈을 벌 수 있다는 말에 속아 군함도로 향한다.
하지만 그들이 함께 탄 배가 도착한 곳은 조선인들을 강제 징용해 노동자로 착취하고 있던 ‘지옥섬’ 군함도였다.

영문도 모른 채 끌려온 조선인들이 해저 1,000 미터 깊이의 막장 속에서
매일 가스 폭발의 위험을 감수하며 노역해야 하는 군함도.
강옥은 어떻게 하든 일본인 관리의 비위를 맞춰 딸 소희만이라도 지키기 위해 온갖 수를 다하고,
칠성과 말년은 각자의 방식으로 고통스런 하루하루를 견뎌낸다.
한편 전쟁이 막바지로 치닫자 광복군 소속 OSS 요원 ‘무영’(송중기)은
독립운동의 주요인사 구출 작전을 지시 받고 군함도에 잠입한다.

일본 전역에 미국의 폭격이 시작되고 일본의 패색이 짙어지자
일본은 군함도에서 조선인에게 저지른 모든 만행을 은폐하기 위해 조선인들을 갱도에 가둔 채 폭파하려고 한다.
이를 눈치 챈 무영은, 강옥, 칠성, 말년을 비롯한 조선인 모두와 군함도를 빠져나가기로 결심하는데...!

지옥섬 군함도, 조선인들의 목숨을 건 탈출이 시작된다!"
12,1947,보스턴 마라톤 우승,"1947년 보스턴 마라톤, 서윤복, 손기정, 스포츠 역사","1947 보스톤 ","드라마 ","감독 강제규
배우
[주연] 하정우(손기정) | 임시완(서윤복)",2023-09-27,12,"1,026,929",108분,"“나라가 독립을 했으면 당연히 우리 기록도 독립이 되어야지!”

1936년 베를린 올림픽, 세계 신기록을 세운 마라톤 금메달리스트 ‘손기정’.
기미가요가 울려 퍼지는 시상대에서 화분으로 가슴에 단 일장기를 가렸던 그는
하루아침에 민족의 영웅으로 떠올랐지만
일제의 탄압으로 더 이상 달릴 수 없게 된다.

광복 이후 1947년 서울,
제2의 손기정으로 촉망받는 ‘서윤복’에게 ‘손기정’이 나타나고
밑도 끝도 없이 ‘보스톤 마라톤 대회’에 나가자는 제안을 건넨다.
일본에 귀속된 베를린 올림픽의 영광을 되찾기 위해
처음으로 태극마크를 가슴에 새기고 달려 보자는 것!

운동화 한 켤레 살 돈도 없던 대한의 마라토너들은
미국 보스톤으로 잊을 수 없는 여정을 시작하는데…"
13,1950.08,다부동 전투,"6.25 전쟁, 한국전쟁, 북한, 분단, 동족상잔, 1.4 후퇴, 다부동 전투, 50년대",태극기 휘날리며,"전쟁, 밀리터리, 드라마 ","장동건, 원빈, 강우석 감독",2004.02.05,15,"11,746,135",148분 0초,"“우린 반드시 살아서 돌아가야해”
가족의 생계를 책임지기 위해 열심히 살아가는 ‘진태’(장동건)는 약혼녀 ‘영신’(이은주)과의 결혼과, 세상에서 가장 소중하게 생각하는 동생 ‘진석’(원빈)의 대학진학을 위해 어려운 상황에서도 씩씩하게 생활을 해나간다.

1950년 6월의 어느 날, 한반도에 전쟁이 일어났다는 호회가 배포되고, 두 형제는 평온한 일상에서 갑작스레 전쟁터로 내몰린다. 훈련받을 시간조차 없이 국군 최후의 보루인 낙동강 방어선으로 실전 투입된 ‘진태’와 ‘진석’. 동생과 같은 소대에 배치된 ‘진태’는 아직 학생인 동생의 징집해제를 위해 대대장을 만나게 되고, 동생의 제대를 위해 자신이 해야 할 최선의 것이 무엇인지를 느끼게 된다.

그리고 동생의 생존을 위해 총을 들며 영웅이 되기를 자처하게 되고,
끝내 생각지도 못한 운명의 덫이 두 형제를 기다리고 있는데…"
14,1950.08.31,포항 전투,"6.25 전쟁, 한국전쟁, 북한, 분단, 포항 전투, 50년대,학도병, 학도군, 50년대",포화 속으로,"전쟁, 밀리터리, ","감독
이재한
배우
[주연] 차승원(북한군 대장, 박무량) | 권상우(가짜 학도병, 구갑조) | 최승현(학도병 중대장, 오장범) | 김승우(한국군 대위, 강석대) | 문재원

희생, 슬픔, 감동, 국뽕",2010.06.16,12,"3,385,706",120분,"71명 학도병의 감동실화

1950년 6월 25일 새벽 4시. 아무도 예상하지 못했던 한국 전쟁이 시작된다. 압도적인 화력으로 무장한 북한군은 파죽지세로 남쪽으로 진격을 거듭하고, 남한군의 패색은 짙어져만 간다. 전 세계가 제 3차대전의 공포에 휩싸이자 UN은 엄청난 수의 연합군을 대한민국에 파병할 것을 결정한다. 이미 더 이상 물러설 곳이 없는 남측은 연합군의 도착을 기다리며 낙동강 사수에 모든 것을 내걸고 남은 전력을 그곳으로 총집결 시킨다.

포항을 지키던 강석대(김승우)의 부대도 낙동강을 사수하기 위해 집결하라는 명령을 받는다. 하지만 이제 전선의 최전방이 되어버린 포항을 비워둘 수는 없는 상황. 강석대는 어쩔 수 없이 총 한 번 제대로 잡아 본 적 없는 71명의 학도병을 그곳에 남겨두고 떠난다. 유일하게 전투에 따라가 본 적이 있다는 이유로 장범(T.O.P.)이 중대장으로 임명되지만, 소년원에 끌려가는 대신 전쟁터에 자원한 갑조(권상우) 무리는 대놓고 장범을 무시한다. 총알 한 발씩을 쏴보는 것으로 사격 훈련을 마친 71명의 소년들은 피난민도 군인들도 모두 떠난 텅 빈 포항에서 앞으로 어떤 일이 벌어질 지 모른 채 석대의 부대가 다시 돌아오기만을 기다린다.

영덕시를 초토화 시킨 북한군 진격대장 박무랑(차승원)이 이끄는 인민군 766 유격대는 낙동강으로 향하라는 당의 지시를 무시하고 비밀리에 포항으로 방향을 튼다. 영덕에서 포항을 거쳐 최단 시간 내에 최후의 목적지인 부산을 함락시키겠다는 전략. 박무랑의 부대는 삽시간에 포항에 입성하고, 국군사령부가 있던 포항여중에 남아있던 71명의 소년들은 한밤중 암흑 속을 뚫고 들려오는 소리에 잠을 깬다. 고요함이 감돌던 포항에는 이제 거대한 전운이 덮쳐 오고, 낙동강 전선에 투입된 강석대 대위는 학도병들을 걱정할 틈도 없이 시시각각 모여드는 인민군 부대와 맞서야 하는데..."
15,1950.09,장사상륙작전,"6.25 전쟁, 한국전쟁, 북한, 분단, 50년대, 장사리 전투, 인천상륙작전 성공을 위한 연막 작전이자 희생",장사리: 잊혀진 영웅들,"전쟁 ","감독
곽경택|김태훈
배우
[주연] 김명민(이명준 대위) | 최민호(최성필) | 김성철(기하륜) | 김인권(류태석) | 곽시양(박찬년) | 봉명필(캐스팅디렉터)
[조연] 메간 폭스(매기) | 조지 이즈(스티븐) | 장지건(국만득) | 이재욱(이개태) | 이호정(문종녀)","2019-09-25
",12,"1,140,876","103분 37초 ","인천상륙작전 D-1
‘이명준’ 대위가 이끄는 유격대와 전투 경험이 없는 학도병들을 태운 문산호는
인천상륙작전의 양동작전인 장사상륙작전을 위해 장사리로 향한다.
평균나이 17세, 훈련기간 단 2주에 불과했던 772명 학도병들이
악천후 속에서 소나기처럼 쏟아지는 총알을 맞으며 상륙을 시도하는데…"
16,1950.09.15,인천상륙작전,"6.25 전쟁, 한국전쟁, 북한, 분단, 인천상륙작전, 더글라스 맥아더 장군, 50년대, 승리, 자유민주주의",인천상륙작전,"전쟁, 밀리터리, ","감독
이재한
배우
[주연] 이정재(장학수) | 이범수(림계진) | 리암 니슨(더글러스 맥아더)
감동, 국뽕",2016.07.27,12,"7,049,643",110분 20초,"1950년 6월 25일 북한의 기습 남침으로 불과 사흘 만에 서울 함락,
한 달 만에 낙동강 지역을 제외한 한반도 전 지역을 빼앗기게 된 대한민국.
국제연합군 최고사령관 ‘더글라스 맥아더’(리암 니슨)는 모두의 반대 속 인천상륙작전을 계획한다.
성공확률 5000:1, 불가능에 가까운 작전.
이를 가능케 하는 것은 단 하나, 인천으로 가는 길이 확보되어야 하는 것뿐이다.

맥아더의 지시로 대북 첩보작전 ‘X-RAY’에 투입된 해군 첩보부대 대위 ‘장학수’(이정재)는
북한군으로 위장 잠입해 인천 내 동태를 살피며 정보를 수집하기 시작한다.
하지만 인천 방어사령관 ‘림계진’(이범수)에 의해 정체가 발각되는 위기에 놓인 가운데
‘장학수’와 그의 부대원들은 전세를 바꿀 단 한번의 기회, 단 하루의 작전을 위해
인천상륙 함대를 유도하는 위험천만한 임무에 나서는데...

역사를 바꾼 비밀 연합작전
그 시작은 바로 그들이었다!"
17,1950.11,중공군 개입,"6.25 전쟁, 한국전쟁, 북한, 분단, 동족상잔, 6.25 당시 전쟁이 일어나지조차 모르던 오지 마을의 존재","웰컴 투 동막골 ","전쟁, 드라마 ","감독
박광현
배우
[주연] 신하균 | 정재영 | 강혜정(여일) | 리민
[조연] 류덕환(인민군 소년병 택기) | 임하룡(인민군 하사관 장영희)

비극, 역사 속 개인, 슬픔","2005-08-04
",12,"8,008,622","133분 ","전쟁의 소용돌이에서 한 곳에 모인 그들 1950년 11월, 한국 전쟁이 한창이던 그 때… 태백산맥 줄기를 타고 함백산 절벽들 속에 자리 잡은 마을, 동막골· 이 곳에 추락한 P-47D 미 전투기 한 대. 추락한 전투기 안에는 연합군 병사 스미스(스티브 태슐러)가 있었다. 동막골에 살고있는 여일(강혜정)은 이 광경을 목격하고 소식을 전달하러 가던 중 인민군 리수화(정재영) 일행을 만나게 되고 그들을 동막골로 데리고 온다. 바로 그 때, 자군 병력에서 이탈해 길을 잃은 국군 표현철(신하균)과 문상상 일행이 동막골 촌장의 집까지 찾아 오게 되면서 국군, 인민군, 연합군이 동막골에 모이게 되고 긴장감은 극도로 고조된다. 목숨을 걸고 사수하고 싶었던 그 곳, 동막골 결코 어울릴 수 없는 세 사람· 국군, 인민군, 연합군 총을 본 적도 없는 동막골 사람들 앞에서 수류탄, 총, 철모, 무전기· 이 들이 가지고 있던 특수 장비들은 아무런 힘도 못 쓰는 신기한 물건에 불과했다. 그러나· 전쟁의 긴장은 동막골까지 덥치고 말았다. 동막골에 추락한 미군기가 적군에 의해 폭격됐다고 오인한 국군이 마을을 집중 폭격하기로 한 것. 적 위치 확인…! 현재 좌표…델타 호텔 4045　 이 사실을 알게 된 군군, 인민군, 연합군은 한국 전쟁 사상 유례없는 연합 공동 작전을 펼치기로 한다. 그들에게 무슨 일이 있었기에!!! 이 세 사람은 목숨까지 걸고 동막골을 지키려고 한 것일까?

"
18,1953,휴전 협정,"6.25 전쟁, 한국전쟁, 북한, 분단, 동족상잔, 고지전, 휴전선, 50년대, 휴전 협정",고지전,"밀리터리, 드라마, 전쟁","감독
장훈
배우
[주연] 신하균(강은표) | 고수(김수혁) | 이제훈(신일영) | 류승수(오기영) | 고창석(양효삼) | 이다윗(남성식) | 류승룡(현정윤) | 김옥빈(차태경) | 조진웅(유재호) | 정인기(이상억)

비극, 역사 속 개인",2011.07.20,15,"2,945,137",133분,"1951년, 우리가 알고 있던 전쟁은 끝났다
이제 모든 전선은 고지전으로 돌입한다"" ?바탕?,?serif?; FONT-SIZE: FONT-FAMILY: 14pt;>1953년 2월, 휴전협상이 난항을 거듭하는 가운데 교착전이 한창인 동부전선 최전방 애록고지에서 전사한 중대장의 시신에서 아군의 총알이 발견된다. 상부에서는 이번 사건을 적과의 내통과 관련되어 있다고 의심하고 방첩대 중위 강은표(신하균)에게 동부전선으로 가 조사하라는 임무를 내린다. 애록고지로 향한 은표는 그 곳에서 죽은 줄 알았던 친구 김수혁(고수)을 만나게 된다. 유약한 학생이었던 수혁은 2년 사이에 이등병에서 중위로 특진해 악어중대의 실질적 리더가 되어 있고, 그가 함께하는 악어중대는 명성과 달리 춥다고 북한 군복을 덧입는 모습을 보이고 갓 스무 살이 된 어린 청년이 대위로 부대를 이끄는 등 뭔가 미심쩍다.

살아 돌아온 친구, 의심스러운 악어중대. 이 모든 것이 혼란스러운 가운데 은표와 수혁은 고지 탈환 작전에 투입된다. 그러나 신임 중대장의 무리한 작전으로 엄청난 위기에 처하게 되고 악어중대의 어리지만 베테랑인 대위 신일영(이제훈)과 중위 수혁의 단독 작전으로 위기를 모면한 채 후퇴한다. 사사건건 자신의 의견에 반기를 들고 단독 행동을 하는 악어중대원들을 못 마땅해 하던 중대장은 중화군과의 함화공작 전투를 벌이던 중 자신의 명령에 불복종하는 중사 오기영(류승수)에게 사살위협을 가하고 그 순간, 수혁은 망설임 없이 중대장을 쏴 버린다. 눈 앞에서 벌어진 상관의 죽음, 이를 아무렇지도 않게 은폐하는 그들과 무표정한 수혁. 순식간에 하나가 된 중대 전체에 은표는 당혹감을 느낀다."
19,1960,4·19혁명,"1960년 3.15 부정선거, 4.19혁명, 1961년 5.16군사정변, 1968년 김신조 사건(1.21 사태), 60년대",효자동 이발사,"드라마 ","임찬상 감독
배우
[주연] 문소리 | 송강호 | 이재응(성낙안)

송강호, 대통령(독재자)의 이발사
역사 속의 개인",2004.05.05,15,"1,972,377",116분,"아버지는 평범한 이발사이셨지만… 평범한 일만을 하셨던 건 아니었습니다.

왜냐하면 아버지는…

대통령이 사는 동네의 이발사이셨기 때문이죠.

“사사오입이면 헌법도 고치는데, 뱃속에서 다섯달 넘으면 애를 낳아야지!”

청와대가 ‘경무대’라는 이름으로 불리던 시절, 경무대가 위치한 동네에 효자이발관이 있었다. 효자이발관은 성한모, 혹은 두부한모라고 불리는 소심하지만 순박한 이발사가 주인으로, 그는 면도사겸 보조로 일하던 처녀 김민자를 유혹(?)해 덜컥 임신을 시켜버리는 대책없는 이발사였다. 경무대 지역 주민다운 자긍심으로 그는 나라가 하는 일이라면 항상 옳다고 믿었고, 사람들이 3.15부정선거라 비판해 마지않는 1960년 3월 15일 선거날에도 나라를 위해 투표용지를 먹어버리거나, 야산에 투표함을 묻는 일을 마다하지 않았다. 임신은 했지만 결혼은 않겠다는 민자를 설득한 것도, 나라의 정책이었던 ‘사사오입’으로 임신 다섯달이면 사람 한 명으로 봐야 하니까 무조건 낳아야 한다는 논리였다.

“얼라만 나오면 니는 죽었데이~~~ 부정선거주범 니는 죽었데이??”

그리고 약 5개월 뒤 1960년 4월 19일 그는 아들 낙안을 얻는다. 1960년 4월 19일, 한모의 아내 민자의 진통이 격해지고, 성한모는 리어카에 아내를 싣고 병원으로 출발하는데… 웬걸, 거리에는 3.15 부정선거를 철회하라는 대규모 집회가 한창이다. 군인의 발포에 상처를 입은 학생들은 이발사용 흰 가운을 입은 한모를 의사로 착각하고, 어쩌다 영웅이 된 한모는 진통중인 민자를 태운 리어카에 애국청년들을 마저 태우고 병원으로 향한다. 성한모의 아들 낙안이가 태어난 이 날은 훗날 ‘4.19 혁명’이라는 이름으로 널리 알려지게 된다. 그리고 이듬해인 1961년 5월 16일 이발관 앞으로 탱크가 한차례 지나간 후로는 ‘중고생 삭발령’의 조치가 내려져 이발관은 나날이 번창했다.


“각하의 용안에 흠집이라도 생기면 어떻게 되는지 알지?""

시간은 흘러 1970년대, ‘사사오입’으로 운명이 결정되고, ‘4.19 혁명’의 현장에서 태어나, ‘5.16 군사 쿠데타’에 의한 정권이 벌어준 돈으로 기른 아들 낙안이도 초등학생이 되었다. 그러나, 16년을 지켜온 효자이발관의 이발사 성한모의 인생은 어느 날 찾아온 청와대 경호실장 장혁수에 의해 전환기를 맞는다. 간첩 나온다길래 신고했더니, 그 간첩이 중앙정보부 직원이었을 줄이야… 속사정을 모르는 대통령은 성한모의 감시정신을 높이 사 ‘모범시민 표창장’을 하사한다.

그러나 자랑스러워하던 마음도 잠시, 이 일을 계기로 그는 청와대에 불려가, 대통령 각하의 머리를 깎는 청와대 이발사가 된다. 속도 모르는 동네사람들은 그를 부러워하며 밤낮으로 아부하지만, 대통령 각하의 머리를 깎으면서부터 그의 인생은 더욱 꼬이기 시작한다. 경호실장 장혁수가 두 눈 부릅뜨고 있는 가운데 대통령 각하의 용안에 가위와 면도날을 들이대야 하니 좌불안석, 혹여 상처라도 낼라 진땀만 뻘뻘 흘리며, 눈치보기 일쑤고, 게다가 청와대 내 권력의 2인자 자리를 두고 경호실장 장혁수와 중앙정보부장 박종만의 팽팽한 대립 속에 성한모의 하루하루는 위태롭기 짝이 없다.

“야! 니네들 내가 누군지 알아! 내가 청와대 이발사다, 이 새끼들아! 이 나쁜 놈들아…”


어느 날 밤. 청와대 뒤 북악산에 간첩이 잠입한다. 제 아무리 무서운 간첩이라 해도 생리적 욕구는 어쩔 수 없는 법, 갑작스런 설사병에 쭈그리고 앉아 변을 보던 간첩들은 마침 순찰을 돌던 군인에게 들켜 한바탕 총격전이 벌어진다. 이 사건을 계기로 정부에서는 설사병을 간첩에 의해 전염된 불순한 병으로 규정한다. 일명 ‘마루구스’ 병!

이에 설사만 했다 하면 동네사람들끼리도 서로 의심하여 고발하는 웃지 못할 상황이 펼쳐지는데... 하필 이런 때 성한모의 아들, 낙안이마저 줄줄 물똥을 싼다. 불안해진 성한모, 우리 아들은 간첩이 아니라며 낙안이를 제 손으로 경찰서에 데려가고, 간첩엔 애어른도 없다고, 어린 나이에 간첩 용의자가 되어버린 낙안은 중앙정보부 고문실로 끌려간다. 설상가상으로 이 기회에 성한모를 이용해 장혁수를 제거하고 권력을 독차지하려는 음모를 품은 박종만은 어린 낙안마저 고문하여 성한모 부자를 ‘마루구스’ 병으로 검거하려 하는데…

과연 이발사 성한모와 아들 낙안은 무사히 살아남을 수 있을까?"
20,1963,서독 광부 파견,"1950년 흥남 철수
1963년 광부 파독
1973년 베트남 전쟁
1983년 이산가족 찾기
50년대, 60년대, 70년대, 80년대, 현대사 총망라
산업화, 근대화",국제시장,"드라마 ","감독
윤제균
배우
[주연] 황정민(덕수) | 김윤진(영자) | 오달수(달구) | 정진영(덕수부)
[조연] 장영남(덕수모) | 라미란(덕수 고모) | 김슬기(끝순) | 정영기(한국인 광부2 ) | 맹세창(한국인 광부 4) | 박재우(윤도주 둘째 아들) | 김재철(윤선주 남편)
[특별출연] 정윤호(남진) | 박영수(청년회 회장 )


감동

포레스트 검프랑 비슷함
시대의 풍파 속 개인의 희생
산업화의 역군, 아버지 세대의 희생
역사 속의 개인",2014.12.17,12,"14,257,115",126분 16초,"덕수(황정민)의 가족은 흥남 철수 때 부산 국제시장에 내려온 피난민이다. 전쟁통에 아버지를 잃은 덕수는 졸지에 어머니와 두 동생의 생계를 책임지게 됐다. 동생의 학비와 생활비를 벌기 위해 자신의 꿈을 버린 채 친구 달구(오달수)와 함께 서독의 탄광으로, 베트남전으로 뛰어들어야 했던 덕수. 덕분에 사랑하는 아내 영자(김윤진)를 만날 수 있었고, 토끼 같은 자식들을 대학에 보낼 수 있었지만, 그의 인생에서 '그'는 한번도 없었다.

"
21,1968,1·21사태,"1.21사태(1968), 김신조
남북 화해, 남북 적십자 회담
실미도 사건(1971)
북한, 냉전, 전쟁, 김일성 암살, 박정희, 반란
60년대, 70년대",실미도,밀리터리," 반란, 설경구, 정재영, 안성기, 허준호
감동
군인, 군부대, 국가로부터 버림받은 군인들
",2003.12.24,15,"11,081,000",135분,"낙오자는 죽인다 체포되면 자폭하라
인간한계에 도전하는 지옥훈련… 31인의 살인병기 ‘실미도부대’ 탄생
“주석궁 침투, 김일성 목을 따 오는 것이 너희의 임무다!”
북으로 간 아버지 때문에 연좌제에 걸려 사회 어느 곳에서도 인간대접 받을 수 없었던 강인찬(설경구 분) 역시 어두운 과거와 함께 뒷골목을 전전하다가 살인미수로 수감된다. 그런 그 앞에 한 군인이 접근, ‘나라를 위해 칼을 잡을 수 있겠냐’는 엉뚱한 제안을 던지곤 그저 살인미수일 뿐인 그에게 사형을 언도하는데… 누군가에게 이끌려 사형장으로 향하던 인찬, 그러나 그가 도착한 곳은 인천 외딴 부둣가, 그곳엔 인찬 말고도 상필(정재영 분), 찬석(강성진 분), 원희(임원희 분), 근재(강신일 분) 등 시꺼먼 사내들이 잔뜩 모여 있었고 그렇게 1968년 대한민국 서부 외딴 섬 ‘실미도’에 기관원에 의해 강제차출된 31명이 모인다.
영문 모르고 머리를 깎고 군인이 된 31명의 훈련병들, 그들에게 나타난 예의 그 묘령의 군인은 바로 김재현 준위(안성기 분), 어리둥절한 그들에게 “주석궁에 침투, 김일성 목을 따 오는 것이 너희들의 임무다”는 한 마디를 시작으로 냉철한 조중사(허준호 분)의 인솔하에 31명 훈련병에 대한 혹독한 지옥훈련이 시작된다.
‘684 주석궁폭파부대’라 불리는 계급도 소속도 없는 훈련병과 그들의 감시와 훈련을 맡은 기간병들... “낙오자는 죽인다, 체포되면 자폭하라!”는 구호하에 실미도엔 인간은 없고 ‘김일성 모가지 따기’라는 분명한 목적만이 존재해간다..."
22,1971,대한한공 F27기 납북미수사건,"70년대, 대한항공 F27기 납북 미수 사건","하이재킹 ","범죄, 액션","감독
김성한
배우
[주연] 하정우(태인) | 여진구(용대) | 성동일(규식) | 채수빈(옥순)",2024-06-21,12,"1,772,888",100분 8초,"1971년 겨울 속초공항여객기 조종사 태인(하정우)과 규식(성동일)은 김포행 비행에 나선다.승무원 옥순(채수빈)의 안내에 따라 탑승 중인 승객들의 분주함도 잠시,이륙한지 얼마 되지 않아 사제폭탄이 터지며 기내는 아수라장이 된다.""지금부터 이 비행기 이북 간다""여객기를 통째로 납치하려는 용대(여진구)는조종실을 장악하고 무작정 북으로 기수를 돌리라 협박한다.폭발 충격으로 규식은 한 쪽 시력을 잃고혼란스러운 기내에서 절체절명의 상황에 처한 태인.이들은 여객기를 무사히 착륙시키기 위한 사투를 시작하는데...대한민국 상공 여객기 납치 사건이 비행에 모두가 목숨을 걸었다!<하이재킹>

"
23,1971,제7대 대통령 선거,"70년대, 제7대 대통령 선거, 박정희, 김대중, 김영삼, 공화당, 신민당, 대선, 선거, 선거판의 여우, 엄창록",킹메이커,"정치, 느와르, 드라마 ","감독
변성현
배우
[주연] 설경구(김운범) | 이선균(서창대)
[조연] 유재명(김영호) | 조우진(이실장) | 박인환(강인상) | 이해영(이한상) | 김성오(박비서) | 전배수(이보좌관 ) | 서은수(수연) | 김종수(대통령) | 윤경호(김부장) | 김새벽(명숙) | 정재성(김병찬),
 씁쓸",2022.01.26,15,"783,182",123분 20초,"세상 바뀌는 꼴 좀 보고 싶습니다

세상을 바꾸기 위해 도전하는 정치인 ‘김운범’ 앞에
그와 뜻을 함께하고자 선거 전략가 ‘서창대’가 찾아온다.

열세인 상황 속에서 서창대는 아무도 상상하지 못한 선거 전략을 펼치고
‘김운범’은 선거에 연이어 승리하며, 당을 대표하는 대통령 후보까지 올라서게 된다.

대통령 선거를 향한 본격적인 행보가 시작되고 그들은 당선을 위해 총력을 기울인다.

그러던 중 ‘김운범’ 자택에 폭발물이 터지는 사건이 발생하고
용의자로 ‘서창대’가 지목되면서 둘의 관계는 새로운 국면을 맞이하게 되는데...

치열한 선거판,
그 중심에 있던 두 남자의 이야기가 시작된다!"
24,1971,베트남 전쟁,"베트남전쟁, 파병",님은 먼 곳에,"드라마, 전쟁","감독
이준익
배우
[주연] 수애(시골 아낙, 순이｜가수, 써니) | 정진영(밴드 리더 정만) | 정경호 | 주진모(성찬) | 신현탁(드러머, 철식)",2008-07-24,15,"1,706,576",126분 0초,"1971년 베트남, 당신을 찾아 그곳으로 갑니다 1971년 베트남, 전쟁의 한가운데 그들이 있었다 가끔씩 동네 아주머니들 앞에서 노래 부르는 게 유일한 소일거리인 ‘순이’는 외아들 ‘상길’ 하나만을 바라보고 사는 시어머니의 성화에 못 이겨 매달 군대 간 남편의 면회를 간다. 그러나 언제나 살가운 말 한마디 없는 남편 상길. 어느 날, 그녀에게 취한 상길이 묻는다. “니 내 사랑하나?” 상길의 물음에 아무 말도 하지 못하고 돌아온 순이는 다음 달도 여느 때처럼 면회를 가지만, 상길이 베트남 전에 자원해 갔다는 소식을 통보 받는다. 행방조차 알길 없는 남편을 찾아 베트남으로 떠나기를 결심한 순이. 베트남을 갈 수 있다는 말에 무작정 ‘정만’을 쫓아 위문공연단의 보컬로 합류하여 ‘써니’란 새 이름을 얻은 그녀는 화염과 총성이 가득한 베트남, 그 전쟁의 한복판에 뛰어드는데...

"
25,1972,베트남 전쟁,"베트남전쟁, 파병, PTSD, 고엽제, 트라우마",알포인트,"전쟁, 공포, 호러","감독
공수창
배우
[주연] 감우성(최태인 중위) | 손병호(진창록 중사) | 박원상(마원균 병장 ) | 오태경(장영수 병장) | 김병철(조병훈 상병 ) | 이동운(군의관)",2004-08-20,15,"1,689,000",106분,"不歸! 손에 피 묻힌 자.., 돌아갈 수 없다! 1972년, 베트남 전쟁의 막바지. 200명의 부대원 중, 혼자 살아 남은 혼바우 전투의 생존자 최태인 중위(감우성)는 악몽에 시달리며 괴로워한다. 그러나 그의 본대 복귀 요청은 철회되고, CID 부대장은 그에게 비밀 수색 명령을 내린다. 1월 30일 밤 10시. 이날도 사단본부 통신부대의 무전기엔 “당나귀 삼공...”을 외치는 비명이 들어오고 있다. 6개월전 작전 지역명 ‘로미오 포인트’에서 사망한 것으로 추정되는 18명의 수색대원들로부터 구조요청이 오고 있었던 것. 그 흔적 없는 병사들의 생사를 확인할 수 있는 증거물을 확보하는 것이 이번 작전의 목표다. 3일 후. 좌표 63도 32분, 53도 27분 _ 로미오 포인트 입구. 어둠이 밀려오는 밀림으로 들어가는 9명의 병사들 뒤로 나뭇잎에 가려졌던 낡은 비문이 드러난다. 不歸! 손에 피 묻힌 자, 돌아갈 수 없다!! 7일간의 작전, 첫 야영지엔 10명!! 의 병사가 보이고.... 그러나 이제 하루가 시작되고 있을 뿐이다.

"
26,1979,10·26사태,"70년대, 10.26사태, 박정희, 서거, 암살
김재규, 차지철, 중앙정보부, 중정, 코리아게이트, 부마민주항쟁, 부마항쟁",남산의 부장들,"정치, 느와르, 첩보, 심리, 스릴러, 드라마","감독
우민호
배우
[주연] 이병헌(김규평) | 이성민(박통) | 곽도원(박용각) | 이희준(곽상천) | 김소진(데보라 심)
권력투쟁, 독재, 민주화의 좌절, 독재자, 2인자, 고증",2020.01.22,15,"4,750,104 ",113분 38초,"“각하, 제가 어떻게 하길 원하십니까”

1979년 10월 26일, 중앙정보부장 김규평(이병헌)이 대한민국 대통령을 암살한다.

이 사건의 40일전, 미국에서는 전 중앙정보부장 박용각(곽도원)이
청문회를 통해 전 세계에 정권의 실체를 고발하며 파란을 일으킨다.
그를 막기 위해 중앙정보부장 김규평과 경호실장 곽상천(이희준)이 나서고,
대통령 주변에는 충성 세력과 반대 세력들이 뒤섞이기 시작하는데…

흔들린 충성, 그 날의 총성"
27,1979,10·26사태,"70년대, 10.26사태, 박정희, 서거, 암살
김재규, 차지철, 중앙정보부, 중정",그때 그 사람들,"블랙코미디, 미스터리, 코미디","감독
임상수
배우
[주연] 한석규(주 과장) | 백윤식(김 부장)
[조연] 송재호(대통령 각하) | 김응수(김부장의 수행비서, 민 대령) | 조상건(만찬장 집사, 심상효 ) | 권병길(양 실장) | 정원중(차 실장) | 조은지(여대생 조씨) | 김윤아(프롤로그 나레이션) | 김상호(주과장의 부하, 장원태 ) | 김윤아(만찬초청손님 ) | 김현아 | 김경목(김차장) | 조민수(각부장관/장군) | 이병선(취조실 형사) | 정종준(참모총장)
권력투쟁, 독재, 민주화의 좌절",2005-02-03,15,"1,083,962",102분,"“오늘이다. 내가 해치운다!” 헬기에 자리 없다고 대통령과의 행사에 함께 가지 못하고 병원을 찾은 중앙정보부 김부장은 주치의로부터 건강이 안 좋으니 잠시 쉬라는 권유를 받는다. 집무실에서 부황을 뜨던 중 대통령의 만찬 소식을 전해 들은 김부장, 잠시 생각에 잠기지만 이내 수행 비서 민대령과 함께 궁정동으로 향한다. 만찬은 시작되고, 오늘따라 더 심한 경호실장의 안하무인스런 태도에 비위가 상한다. 심각한 표정으로 앉아 있던 그는 슬며시 방을 나와 오른팔 주과장과 민대령을 호출하여 대통령 살해계획을 알린다. “뭐 뽀죡한 수 있겠어? 오케이! 가봐!” 김부장의 오른팔 주과장. 오늘도 여러가지 골치 아픈 일들을 수습하느라 여념이 없는 그는 이런 일들이 이제 지긋지긋하다. 게다가 갑작스럽게 들려온 만찬 소식에 투덜거리지만 뭐 별 수 있으랴. 함께 할 손님들을 섭외하여 만찬장에 도착한다. 잠시 후, 자신과 민대령을 호출하여 “오늘 내가 해치운다”며 지원하란 김부장의 명령에 잠시 머뭇거리던 주과장, 별 뾰족한 수도 없는 듯 명령에 따르기 위해 바삐 걸음을 옮긴다. “까라면 까야지… 한 몫 잡을거래잖아, 과장님이” 경비실로 들어온 주과장은 부하 네 명에게 작전을 명령하고 무장시킨다. 명령이라면 무조건 복종하는 충직한 부하 영조와 순박한 준형, 비번임에도 불구하고 끌려나온 경비원 원태, 그리고 해병대 출신이란 이유 하나만으로 지목된 운전수 상욱까지. 영문도 모른채 주과장의 명령에 따라 각자 위치에서 대기중인 부하들. 침을 꼴깍이며 잔뜩 긴장한 채로 김부장의 총소리를 기다리는데… 모두가 아는 사건이지만, 아무도 모르는 ‘그사람들’의 이야기는 여기서부터 시작이다!

"
28,1979,12·12사태,"70년대, 10.26사태, 12.12군사반란, 쿠데타, 암살, 시해, 김재규 중앙정보부장, 전두환, 노태우, 장태환, 정승화, 최규하",행복의 나라,"드라마 ","감독
추창민
배우
[주연] 조정석(정인후) | 이선균(박태주) | 유재명(전상두)",2024.08.14,12,"709,879",124분 8초,"1979년 10월 26일, 대통령 암살 사건 발생

“이럴거면 재판은 왜 하는 겁니까!”
대통령 암살 사건에 연루된 정보부장 수행비서관 ‘박태주’의 변호를 맡으며
대한민국 최악의 정치재판에 뛰어든 법정 개싸움 일인자 ‘정인후’.
‘정인후’는 군인 신분 때문에 단 한번의 선고로 형이 확정되는 ‘박태주’가 정당한 재판을 받을 수 있도록
고군분투 하지만, 불공정하게 진행되는 재판 과정에 분노를 터뜨린다.

“나 하나 살자고 부장님을 팔아 넘기라고?”
사건 발발 30분 전, 정보부장으로부터 무슨 일이 생기면 경호원들을 제압하라는 명령을 받은 ‘박태주’.
그의 행동이 ‘내란의 사전 공모인지, 위압에 의한 명령 복종인지’가 법정의 쟁점으로 떠오른다.
‘정인후’는 ‘박태주’가 빠져나갈 수 있는 증언을 제안하지만,
‘박태주’는 신의를 저버릴 수 없다는 자세로 일관한다.

“니가 무슨 짓을 하든 그 놈은 죽어”
한편, 10.26을 계기로 위험한 야욕을 품은 합수단장 ‘전상두’.
그는 자신만만한 ‘정인후’를 조롱하듯 재판을 감청하며,
재판부에 실시간으로 쪽지를 건네 사실상 재판을 좌지우지하는데…

단 16일간 졸속으로 진행된 대한민국 최악의 정치 재판이 시작된다!"
29,1979,12·12사태,"70년대, 10.26사태, 12.12군사반란, 쿠데타, 전두환, 노태우, 장태환, 정승화, 최규하, 장세동,노재현, 정병주, 김오랑, 황영시, 박희도",서울의 봄,"드라마, 정치, 밀리터리","감독
김성수
배우
[주연] 황정민(전두광) | 정우성(이태신) | 이성민(참모총장 정상호) | 박해준(9사단장 노태건) | 김성균(헌병감 김준엽)
[조연] 김의성(국방장관) | 정동환(대통령 최한규) | 안내상( 1군단장 한영구) | 유성주(참모차장 민성배) | 최병모( 2공수 여단장 도희철) | 박훈(전두광 비서실장 문일평) | 이재윤(보안사 수사과장 임학주) | 김성오(4공수 여단장 김창세) | 남윤호(수경사 작전참모 강동찬) | 홍서준(보안사 인사참모 하창수) | 안세호(수경사 30경비단장 장민기) | 정형석(8공수 여단장 박기홍) | 박정학(30사단장 모상돈) | 박원상(3군사령관 고재영) | 박민이(수경사 33경비단장 진영도) | 염동헌(군수차관보 배송학) | 전진기(수도군단장 현치성) | 차래형(헌병부단장 허동윤) | 공재민(20사단장 김병준) | 권혁(방위사단장 조우택) | 한창현(6공수 여단장 탁재오) | 송영근(수경사 야포단장) | 전수지(이태신 처) | 서광재(국무총리) | 임철형(대통령 경호실장) | 현봉식(반란군 합류 장군) | 곽자형(2공수 이 대령) | 전운종(2공수 변 소령) | 이승희( 4공수 박 중령) | 김기무(체포조 윤대령) | 문성복(체포조 염길록) | 김옥주(전두광 처) | 박정표(행주대교 초소장) | 곽진석(총리공관 위병소장) | 한규원( 총리공관 손 대위) | 우미화(국방장관 처) | 차건우(전 중앙정보부장 김동규) | 최원경( 수경사 헌병단장 원 경)

권력투쟁, 독재, 민주화의 좌절",2023.11.22,12,"13,128,080",141분 15초,"1979년 12월 12일, 수도 서울 군사반란 발생
그날, 대한민국의 운명이 바뀌었다

대한민국을 뒤흔든 10월 26일 이후, 서울에 새로운 바람이 불어온 것도 잠시
12월 12일, 보안사령관 전두광이 반란을 일으키고
군 내 사조직을 총동원하여 최전선의 전방부대까지 서울로 불러들인다.

권력에 눈이 먼 전두광의 반란군과 이에 맞선 수도경비사령관 이태신을 비롯한
진압군 사이, 일촉즉발의 9시간이 흘러가는데…

목숨을 건 두 세력의 팽팽한 대립
오늘 밤, 대한민국 수도에서 가장 치열한 전쟁이 펼쳐진다!"
30,1980,5·18민주화운동,"80년대, 5.18민주화운동, 계엄군, 전두환, 광주, 학살, 항쟁, 시민군",화려한 휴가,"드라마 ","김상경, 안성기, 이요원, 김지훈 감독

저항, 슬픔, 비극",2007.07.25,12,"7,307,993",125분,"1980년 5월, 광주. 광주에 사는 택시기사 민우( 김상경 분). 어릴 적 부모님을 여의고 끔찍이 아끼는 동생 진우(이준기 분)와 단둘이 사는 그는 오직 진우 하나만을 바라보며 평범한 일상을 살고 있다. 진우와 같은 성당에 다니는 간호사 신애(이요원 분)를 맘에 두고 사춘기 소년 같은 구애를 펼치는 그는 작은 일상조차 소중하다. 이렇게 소소한 삶을 즐기는 이들에게 어느 날 갑자기, 생각지도 못한 무시무시한 일이 벌어진다. 무고한 시민들이 총,칼로 무장한 시위대 진압군에게 폭행을 당하고 심지어 죽임을 당하기까지 한다. 눈 앞에서 억울하게 친구, 애인, 가족을 잃은 그들은 퇴역 장교 출신 흥수(안성기 분)을 중심으로 시민군을 결성해 결말을 알 수 없는 열흘 간의 사투를 시작 하는데…

"
31,1980,5·18민주화운동,"위르겐 힌츠페터, 비디오, 80년대, 5.18민주화운동, 계엄군, 전두환, 광주, 학살",택시 운전사,드라마,"장훈 감독,
[주연] 송강호(김만섭) | 토마스 크레취만(위르겐 힌츠페터(피터)) | 류준열(구재식)


진실, 기자, 언론, 사명감",2017.08.02,15,"12,186,684 ",137분,"1980년 5월, 서울 택시운전사.
“광주? 돈 워리, 돈 워리! 아이 베스트 드라이버”
택시운전사 만섭(송강호)은 외국손님을 태우고 광주에 갔다 통금 전에 돌아오면
밀린 월세를 갚을 수 있는 거금 10만원을 준다는 말에
독일기자 피터(토마스 크레취만)를 태우고 영문도 모른 채 길을 나선다.

광주 그리고 사람들. “모르겄어라, 우덜도 우덜한테 와 그라는지…”
어떻게든 택시비를 받아야 하는 만섭의 기지로 검문을 뚫고 겨우 들어선 광주.
위험하니 서울로 돌아가자는 만섭의 만류에도
피터는 대학생 재식(류준열)과 황기사(유해진)의 도움 속에 촬영을 시작한다.
그러나 상황은 점점 심각해지고 만섭은 집에 혼자 있을 딸 걱정에 점점 초조해지는데…"
32,1980,5·18민주화운동,"80년대, 5.18 민주화운동, 6월 민주항쟁, 1997년 IMF 외환 위기, 현대사 총망라","박하사탕 ","드라마, 예술영화","감독
이창동
배우
[주연] 설경구(김영호) | 문소리(윤순임) | 김여진(양홍자)","2000-01-01
",19,"850,000",130분 9초,"야유회(1999년 봄) 젊은시절의 꿈,야망,사랑, 모든 것을 잃은 중년의 영호. 그는 20년전 첫사랑과 함께 소풍을 나갔던 곳에 찾아가지만 20년이란 세월은 모든것을 앗아가버린 후.. 사진기(사흘전, 1999년 봄) 동업자에게 사기당하고 마누라한테 이혼당하고 아무 것도 남은 것 없는 마흔 살의 영호. 어렵사리 구한 권총한정으로 죽어버리려 하는데 느닷없이 찾아온 사내의 손에 이끌려 첫사랑 순임을 만나게 된다. 삶은 아름답다(1994년 여름) 서른 다섯의 가구점 사장인 영호. 마누라 홍자는 운전교습 강사와 바람을 피우고 그는 가구점 직원 미스 리와 바람을 피운다. 과거 형사시절 자신이 고문했던 사람과 마주치는 영호. 고백(1987년 4월) 지극히 일상적인 삶의 권태로움에 지쳐버린 닳고 닳은 형사, 영호. 홍자는 예정일이 얼마 남지 않은 만삭의 몸이다. 그러나 군산의 허름한 옥탑방, 카페 여종업원 품에 안긴 그는 순임을 목 놓아 부르며 눈물을 터뜨린다. 기도(1984년 가을) 신참내기 형사, 영호. 그는 선배 형사들의 과격한 모습과 자신의 내면에 내재된 폭력성에 의해 점점 변해가기 시작한다. 그리고 자신의 순수함을 부인하듯 순임을 거부하고 자신을 짝사랑 해왔던 홍자를 택한다. 면회(1980년 5월)영호는 전방부대의 신병. 그는 자신을 면회왔다가 헛걸음치고 가는 순임의 모습을 보게된다. 영호는 그녀를 소리쳐 부르고 싶지만 다른 장병들의 휘파람 소리와 요란한 트럭 소리에 묻혀 그저 그녀를 떠나보내고 긴급출동하는 트럭에 올라 타는데... 소풍(1979년 가을) 갓 스무살의 영호와 순임. 그들은 난생 처음 순수한 사랑의 행복감에 잔뜩 젖어있다. 영호는 순임이 건네 준 박하사탕 하나가 세상에서 최고로 맛있다. 젊음도 아름답고 인생도 아름답다. 지금으로부터 20년 전, 1979년의 어느 가을이었다.

"
33,1981,부림 사건,"80년대, 부림사건, 노무현, 인권변호사, 고문, 재판, 독재, 민주주의, 국민, 민주화운동, 학생운동, 운동권",변호인,"법정, 드라마","감독
양우석
배우
[주연] 송강호(송우석) | 김영애(최순애) | 오달수(박동호) | 곽도원(차동영) | 임시완(진우)",2013.12.18,15,"11,374,610",126분 55초,"돈 없고, 빽 없고, 가방끈도 짧은 세무 변호사 ‘송변’
그의 인생을 송두리째 바꿀 다섯 번의 공판이 시작된다!
1980년대 초 부산. 빽도 없고, 돈도 없고, 가방끈도 짧은 세무 변호사 송우석(송강호).
부동산 등기부터 세금 자문까지 남들이 뭐라든 탁월한 사업수완으로 승승장구하며
부산에서 제일 잘나가고 돈 잘 버는 변호사로 이름을 날린다.
10대 건설 기업의 스카우트 제의까지 받으며 전국구 변호사 데뷔를 코 앞에 둔 송변.
하지만 우연히 7년 전 밥값 신세를 지며 정을 쌓은 국밥집 아들 진우(임시완)가
뜻하지 않은 사건에 휘말려 재판을 앞두고 있다는 소식을 듣는다.
국밥집 아줌마 순애(김영애)의 간절한 부탁을 외면할 수 없어 구치소 면회만이라도 도와주겠다고 나선 송변.
하지만 그곳에서 마주한 진우의 믿지 못할 모습에 충격을 받은 송변은
모두가 회피하기 바빴던 사건의 변호를 맡기로 결심하는데...
“제가 하께요, 변호인. 하겠습니더”"
34,1983,아웅 산 묘소 폭탄 테러 사건,"80년대, 냉전, 북한, 이웅평 귀순, 아웅산 테러, 안기부, 간첩",헌트,"첩보, 스파이","감독
이정재
배우
[주연] 이정재(박평호) | 정우성(김정도) | 전혜진(방주경) | 허성태(장철성) | 고윤정(조유정) | 김종수(안부장) | 정만식(양보성)",2022.08.10,15,"4,352,390",125분 15초,"조직 내 숨어든 스파이를 색출하라!
‘사냥꾼’이 될 것인가, ‘사냥감’이 될 것인가!

망명을 신청한 북한 고위 관리를 통해 정보를 입수한
안기부 해외팀 ‘박평호’(이정재)와 국내팀 ‘김정도’(정우성)는
조직 내 숨어든 스파이 ‘동림’ 색출 작전을 시작한다.
스파이를 통해 일급 기밀사항들이 유출되어 위기를 맞게 되자
날 선 대립과 경쟁 속, 해외팀과 국내팀은 상대를 용의선상에 올려두고
조사에 박차를 가한다.

찾아내지 못하면 스파이로 지목이 될 위기의 상황,
서로를 향해 맹렬한 추적을 펼치던 ‘박평호’와 ‘김정도’는 감춰진 실체에 다가서게 되고,
마침내 ‘대한민국 1호 암살 작전’이라는 거대한 사건과 직면하게 되는데……

하나의 목표, 두 개의 총구
의심과 경계 속 두 남자의 신념을 건 작전이 시작된다"
35,1985,서울대 민추위 사건,"김근태 고문, 이근안, 80년대, 독재, 민주화운동","남영동 1985 ","전기, 드라마, 범죄, 사회고발","감독
정지영
배우
[주연] 박원상(김종태) | 이경영(이두한) | 오지혜(장관 2) 
[조연] 명계남(박전무) | 김의성(강 과장) | 서동수(백계장) | 이천희(김계장) | 김중기(이계장) | 문성근(윤사장) | 우희진(김종태 아내)
고문, 민주화운동, 독재, 저항, 역사",2012.11.22,15,"332,619","106분 ","1985년 남영동 치안본부 대공분실 515호…

그곳에서 무슨 일이 일어났는지 아무도 모른다.

전 국민의 숨소리까지 검열하는 군부 독재가 기승을 부리던 1985년 9월 4일, 민주화운동가 김종태는 가족들과 목욕탕을 다녀오던 길에 경찰에 연행된다. 예전부터 자주 경찰에 호출되었던 터라 큰 일은 없으리라 여겼던 그는 정체 모를 남자들의 손에 어딘가로 끌려간다. 눈이 가려진 채 도착한 곳은 남영동 대공분실. 경찰 공안수사당국이 ‘빨갱이’를 축출해낸다는 명목으로 소위 ‘공사’를 하던 고문실이었다. 그날부터 김종태는 온갖 고문으로 좁고 어두운 시멘트 바닥을 뒹굴며 거짓 진술서를 강요 받는다. 아무 양심의 가책 없이 잔혹한 고문을 일삼는 수사관들에게 굽히지 않고 진술을 거부하는 김종태. 하지만 ‘장의사’라 불리는 고문기술자 이두한이 등장하면서 그의 인생을 송두리째 뒤바꾸는 잔혹한 22일이 시작된다.

대한민국 현대사에서 사라진 22일,

2012년 11월, 지워져서는 안 될 기록이 펼쳐진다!"
36,1986,레바논 한국 외교관 납치 사건,"1986년에 일어난 레바논 한국 외교관 납치 사건, 1980년대, 해외, 인질 구출",비공식작전,"드라마 ","감독
김성훈
배우
[주연] 하정우(민준) | 주지훈(판수)
[조연] 권은성(오재석 아들 오유영) | 임형국(오재석 서기관) | 김응수(안기부장) | 김종수(최강석 장관) | 박혁권(박승호 과장) | 유승목(이상옥 차관) | 한수현(김성호 행정관)
해외, 구출작전, 인질, 첩보, 긴장감, 하정우, 주지훈","2023-08-02
",12,"1,058,645",132분 11초,"실종된 동료를 구하기 위해 레바논으로 떠난 외교관 민준과 현지 택시기사 판수의 버디 액션 영화

"
37,1986,화성연쇄살인사건,"범인 이춘재 화성 연쇄살인 사건, 80년대, 군사정권, 독재",살인의추억,"스릴러, 부조리","감독
봉준호
배우
[주연] 송강호 | 김상경 | 정인선","2003-04-25
",15,"5,255,376",127분,"선 보러 집 나갔던 처녀, 배수관서 알몸시체로... 사건 잇다르자 날 저물면 부녀자들 외출 꺼려 1986년 경기도. 젊은 여인이 무참히 강간, 살해 당한 시체로 발견된다. 2개월 후, 비슷한 수법의 강간살인사건이 연이어 발생하면서 사건은 세간의 주목을 받기 시작하고, 일대는 연쇄살인이라는 생소한 범죄의 공포에 휩싸인다. 특별수사본부, 서울 시경 형사 투입… 수사는 아직도 제자리 걸음 사건발생지역에 특별수사본부가 설치되고, 수사본부는 구희봉 반장 (변희봉 역)을 필두로 지역토박이 형사 박두만 (송강호 역)과 조용구 (김뢰하 역), 그리고 서울 시경에서 자원해 온 서태윤 (김상경 역)이 배치된다. 육감으로 대표되는 박두만은 동네 양아치들을 족치며 자백을 강요하고, 서태윤은 사건 서류를 꼼꼼히 검토하며 사건의 실마리를 찾아 가지만 스타일이 다른 두 사람은 처음부터 팽팽한 신경전을 벌인다. 용의자가 검거되고 사건의 끝이 보일 듯 하더니, 매스컴이 몰려든 현장 검증에서 용의자가 범행 사실을 부인하면서 현장은 아수라장이 되고, 구반장은 파면 당한다. 연쇄살인범은 누구인가… 치밀한 뒷처리, 흔적 전무 수사진이 아연실색할 정도로 범인은 자신의 흔적을 남기지 않는다. 살해하거나 결박할 때도 모두 피해자가 착용했거나 사용하는 물품을 이용한다. 심지어 강간살인의 경우, 대부분 피살자의 몸에 떨어져 있기 마련인 범인의 음모조차 단 하나도 발견 되지 않는다. 후임으로 신동철 반장 (송재호 역)이 부임하면서 수사는 활기를 띠기 시작한다. 박두만은 현장에 털 한 오라기 남기지 않는다는 점에 착안, 근처의 절과 목욕탕을 뒤지며 무모증인 사람을 찾아 나서고, 사건 파일을 검토하던 서태윤은 비오는 날, 빨간 옷을 입은 여자가 범행대상이라는 공통점을 밝혀낸다. 어둡고 긴 미스터리… 미궁 속 10번째 부녀자 연쇄피살, 공포 언제까지 선제공격에 나선 형사들은 비 오는 밤, 여경에게 빨간 옷을 입히고 함정수사를 벌인다. 그러나 다음날 아침 돌아오는 것은 음부에 우산이 꽂힌 또다른 여인의 사체. 사건은 해결의 실마리를 다시 감추고 냄비처럼 들끓는 언론은 일선 형사들의 무능을 지적하면서 형사들을 더욱 강박증에 몰아 넣는다."
38,1987,6월민주항쟁,"박종철 고문치사 사건, 6월 민주항쟁, 5.18민주화운동 비디오, 이한열
김정남, 박처원, 전두환, 최환 검사, 4.13호헌조치, 6.29선언, 민주화",1987,"정치, 느와르, 드라마","김윤석, 김태리, 유해진, 하정우, 설경구, 이희준, 장준환 감독",2017.12.27,15,"7,231,638",129분 5초,"“책상을 탁! 치니 억! 하고 죽었습니다”

1987년 1월, 경찰 조사를 받던 스물두 살 대학생이 사망한다.
증거인멸을 위해 박처장(김윤석)의 주도 하에 경찰은 시신 화장을 요청하지만, 사망 당일 당직이었던 최검사(하정우)는 이를 거부하고 부검을 밀어붙인다.
단순 쇼크사인 것처럼 거짓 발표를 이어가는 경찰. 그러나 현장에 남은 흔적들과 부검 소견은 고문에 의한 사망을 가리키고, 사건을 취재하던 윤기자(이희준)는 ‘물고문 도중 질식사’를 보도한다. 이에 박처장은 조반장(박희순)등 형사 둘만 구속시키며 사건을 축소하려 한다.
한편, 교도소에 수감된 조반장을 통해 사건의 진상을 알게 된 교도관 한병용(유해진)은 이 사실을 수배 중인 재야인사에게 전달하기 위해 조카인 연희(김태리)에게 위험한 부탁을 하게 되는데…

한 사람이 죽고, 모든 것이 변화하기 시작했다.
모두가 뜨거웠던 1987년의 이야기."
39,1990,10·13 특별선언,"90년대, 노태우 정부, 범죄조직, 범죄와의 전쟁 선포, 부산",범죄와의 전쟁,"느와르, 범죄, 블랙코미디, 피카레스크, 액션, ","감독
윤종빈
배우
[주연] 최민식(최익현 ) | 하정우(최형배 )
[조연] 조진웅(김판호) | 마동석(김서방) | 곽도원(조범석 ) | 김성균(박창우 ) | 송영창(한변호사) | 김종수(장 주임) | 
[특별출연] 김응수(최주동 검사)
깡패, 건달","2012-02-02
",19,"4,719,872",133분,"2012년 2월, ‘나쁜 놈들의 전성시대’가 시작된다!

비리 세관 공무원 최익현, 보스 최형배를 만나다!
1982년 부산. 해고될 위기에 처한 비리 세관원 최익현(최민식)은 순찰 중 적발한 히로뽕을 일본으로 밀수출, 마지막으로 한 탕 하기 위해 부산 최대 조직의 젊은 보스 최형배(하정우)와 손을 잡는다.

머리 쓰는 나쁜 놈과 주먹 쓰는 나쁜 놈, 부산을 접수하다!
익현은 탁월한 임기응변과 특유의 친화력으로 형배의 신뢰를 얻는 데 성공한다. 주먹 넘버원 형배와 로비의 신 익현은 함께 힘을 합쳐 부산을 접수하기 시작하고, 두 남자 앞에 나쁜 놈들의 전성시대가 펼쳐진다.

넘버원이 되고 싶은 나쁜 놈들의 한판 승부. 범죄와의 전쟁
하지만 1990년 범죄와의 전쟁이 선포되자 조직의 의리는 금이 가고 넘버원이 되고 싶은 나쁜 놈들 사이의 배신이 시작된다. 살아남기 위해 벌이는 치열한 한판 승부, 최후에 웃는 자는 과연 누가 될 것인가?"
40,1991,소말리아 외교공관 철수,"소말리아 내전, 냉전, 북한, 분단, 민족, 아프리카",모가디슈,"액션, 드라마, 전쟁, 스릴러, 시대극, 외교","감독
류승완
배우
[주연] 김윤석(한신성 대사) | 조인성(강대진 참사관) | 허준호(림용수 대사) | 구교환(태준기 참사관) | 김소진(김명희) | 정만식(공수철 서기관)
탈출, 외교, 내전, 긴장, 대사관, 생존 ","2021-07-28
",15,"3,613,984",121분 2초,"내전으로 고립된 낯선 도시, 모가디슈
지금부터 우리의 목표는 오로지 생존이다!

대한민국이 UN가입을 위해 동분서주하던 시기
1991년 소말리아의 수도 모가디슈에서는 일촉즉발의 내전이 일어난다.
통신마저 끊긴 그 곳에 고립된 대한민국 대사관의 직원과 가족들은
총알과 포탄이 빗발치는 가운데, 살아남기 위해 하루하루를 버텨낸다.
그러던 어느 날 밤, 북한 대사관의 일행들이 도움을 요청하며 문을 두드리는데…

목표는 하나, 모가디슈에서 탈출해야 한다!"
41,1991,낙동강 페놀 유출 사건,낙동강 페놀 방류 사건,삼진그룹 영어토익반,"드라마, 코미디, 미스터리, 시대극","감독
이종필
배우
[주연] 고아성 | 이솜 | 박혜수(심보람)
환경오염, 여성, 직장, 팀워크",2020. 10. 21,12,"1,571,774",110분 18초,"마이 드림 이즈 커리어우먼”
1995년, 토익 600점만 넘기면 대리가 될 수 있다!

입사 8년차 동기인 말단 여직원들이 ‘삼진그룹 영어토익반’에 모인다!
실무 능력 퍼펙트, 현실은 커피 타기 달인인 생산관리3부 오지랖 ‘이자영’(고아성),
추리소설 마니아로 뼈 때리는 멘트의 달인 마케팅부 돌직구 ‘정유나’(이솜),
수학 올림피아드 우승 출신, 실체는 가짜 영수증 메꾸기 달인 회계부 수학왕 ‘심보람’(박혜수)은
대리가 되면 진짜 ‘일’을 할 수 있을 것이라는 희망에 부푼다.

내부고발이라도 하게? 나서지 마. 우리만 다쳐

잔심부름을 하러 간 공장에서 검은 폐수가 유출되는 것을 목격한 ‘자영’은
‘유나’, ‘보람’과 함께 회사가 무엇을 감추고자 하는지, 결정적 증거를 찾으려 한다.
불가능해 보이는 싸움, 세 친구는 해고의 위험을 무릅쓰고 고군분투를 시작하는데…

아이 캔 두 잇, 유 캔 두 잇, 위 캔 두 잇! 회사와 맞짱 뜨는 용감한 세 친구!"
42,1994,성수대교 붕괴,성수대교 붕괴,벌새,드라마,"감독
김보라
배우
[주연] 박지후(은희) | 김새벽(김영지)
예술,독립 영화, 청소년, 서울, 사고, 불안, 가족, 성장통, 상실, 청소년","2019-08-29
",15,"146,976",138분 46초,"나는 이 세계가 궁금했다
1994년, 알 수 없는 거대한 세계와 마주한 14살 ‘은희’의
아주- 보편적이고 가장- 찬란한 기억의 이야기"
43,1997,IMF 외환위기,"90년대, 자유화, 김영삼 정부, YS, IMF 경제위기, 미셸 캉드쉬 imf 총재, 구제금융, 금융위기, 외환위기, 자본주의, 세계화, 구조조정, 노동유연성, 시장논리, 신자유주의, 실업, 해고",국가부도의 날,"드라마 ","최국희 감독, 유아인, 김혜수, 허준호

역사 속의 개인
자본의 탐욕으로 인한 imf 사태, 대량 실업, 가족 해체, 자살 등 사회적 파급효과",2018.11.28,12,"3,754,983",114분 18초,"“모든 투자자들은 한국을 떠나라. 지금 당장”

1997년, 대한민국 최고의 경제 호황을 믿어 의심치 않았던 그때,
곧 엄청난 경제 위기가 닥칠 것을 예견한 한국은행 통화정책팀장 ‘한시현’(김혜수)은 이 사실을 보고하고,
정부는 뒤늦게 국가부도 사태를 막기 위한 비공개 대책팀을 꾸린다.

한편, 곳곳에서 감지되는 위기의 시그널을 포착하고 과감히 사표를 던진 금융맨 ‘윤정학’(유아인)은
국가부도의 위기에 투자하는 역베팅을 결심, 투자자들을 모으기 시작한다.
이런 상황을 알 리 없는 작은 공장의 사장이자 평범한 가장 ‘갑수’(허준호)는
대형 백화점과의 어음 거래 계약서에 도장을 찍고 소박한 행복을 꿈꾼다.

국가부도까지 남은 시간 단 일주일.
대책팀 내부에서 위기대응 방식을 두고 시현과 ‘재정국 차관’(조우진)이 강하게 대립하는 가운데,
시현의 반대에도 불구하고 ‘IMF 총재’(뱅상 카셀)가 협상을 위해 비밀리에 입국하는데…

위기를 막으려는 사람과 위기에 베팅하는 사람,
그리고 회사와 가족을 지키려는 평범한 사람,
1997년, 서로 다른 선택을 했던 사람들의 이야기가 시작된다!"
44,1997,제15대 대통령 선거,"총풍사건, 대선, 북한, 냉전, 분단, 대북 경협, 김정일, 리철, 흑금성, 박채서, 김대중, 이회창, 북핵, 북한 핵, 중국, 안기부",공작,"정치, 첩보, 스파이, 서스펜스, 드라마","감독
윤종빈
배우
[주연] 황정민 | 이성민(리명운) | 조진웅(학성) | 주지훈
이효리 카메오",2018.08.08,12,"4,974,512",137분 6초,"북으로 간 스파이, 암호명 흑금성
1993년, 북한 핵 개발을 둘러싸고 한반도의 위기가 고조된다.
정보사 소령 출신으로 안기부에 스카우트된 박석영(황정민)은 ‘흑금성’이라는 암호명으로
북핵의 실체를 캐기 위해 북의 고위층 내부로 잠입하라는 지령을 받는다.
안기부 해외실장 최학성(조진웅)과 대통령 외에는 가족조차도 그의 실체를 모르는 가운데
대북사업가로 위장해 베이징 주재 북 고위간부 리명운(이성민)에게 접근한 흑금성.
그는 수 년에 걸친 공작 끝에, 리명운과 두터운 신의를 쌓고
그를 통해서, 북한 권력층의 신뢰를 얻는데 성공한다.
그러나, 1997년. 남의 대선 직전에 흑금성은 남과 북의 수뇌부 사이 은밀한 거래를 감지한다.
조국을 위해 굳은 신념으로 모든 것을 걸고 공작을 수행했던 그는 걷잡을 수 없는 갈등에 휩싸이는데…"
45,2002,제2연평해전,"21세기, 2000년대, 한일월드컵, 제2연평해전, 김대중 정부, 북한, 도발",연평해전,"전쟁, 해전, 전투, 액션, 밀리터리, 드라마 ","감독
김학순
배우
[주연] 김무열(윤영하) | 진구(한상국) | 이현우(박동혁) | 이완

감동, 슬픔, 국뽕,  바다, 군인, 군대",2015.06.24,12,"6,043,784",130분,"월드컵의 열기로 뜨거웠던 2002년 6월
해군 출신 아버지의 자랑스러운 아들이자, 참수리 357호 정장 ‘윤영하’ 대위
아내의 든든한 남편이자, 참수리 357호 조타장 ‘한상국’ 하사
어머니의 하나뿐인 아들이자, 참수리 357호 의무병 ‘박동혁’ 상병

참수리 357호 대원들은 실전을 방불케 하는 고된 훈련 속에 서로를 의지하며 가족 같은 존재가 되어간다.
무더운 여름과 함께 월드컵의 함성이 뜨거워지는 가운데, 한국과 터키의 3, 4위전 경기가 열리던 그날
서해 한 가운데에 포성이 울리는데…"
46,2003,유영철 연쇄살인 사건,유영철 연쇄 살인사건,추격자,"범죄, 스릴러, 액션","감독
나홍진
배우
[주연] 김윤석(전직 형사, 엄중호) | 하정우(연쇄살인범, 지영민)","2008-02-14
",19,"5,071,619 ","123분
","보도방을 운영하는 전직 형사 ‘중호’, 최근 데리고 있던 여자들이 잇달아 사라지는 일이 발생하고, 조금 전 나간 미진을 불러낸 손님의 전화 번호와 사라진 여자들이 마지막으로 통화한 번호가 일치함을 알아낸다. 하지만 미진 마저도 연락이 두절되고…… 미진을 찾아 헤매던 중 우연히 ‘영민’과 마주친 중호, 옷에 묻은 피를 보고 영민이 바로 그놈인 것을 직감하고 추격 끝에 그를 붙잡는다. 실종된 여자들을 모두 죽였다는 충격적인 고백을 담담히 털어 놓는 영민에 의해 경찰서는 발칵 뒤집어 진다. 우왕좌왕하는 경찰들 앞에서 미진은 아직 살아 있을 거라며 태연하게 미소 짓는 영민. 그러나 영민을 잡아둘 수 있는 증거는 아무것도 없다. 공세우기에 혈안이 된 경찰은 미진의 생사보다는 증거를 찾기에만 급급해 하고, 미진이 살아 있다고 믿는 단 한 사람 중호는 미진을 찾아 나서는데……

"
47,2004,노무현 탄핵 소추,"21세기, 2000년대, 노무현 당선(2002년), 노무현 탄핵(2004년), 노무현 사망(2009년)
검사, 검찰",더킹,"정치, 느와르, 범죄, 드라마","감독
한재림
배우
[주연] 조인성(박태수) | 정우성(한강식) | 배성우(양동철) | 류준열(최두일) | 김의성(김응수) | 이석호(2부 검사2)",2017.01.18,15,"5,316,325",134분 27초,"대한민국의 왕은 누구인가?

무소불위 권력을 쥐고 폼 나게 살고 싶었던 태수는
우여곡절 끝에 권력의 설계자 한강식을 만나
핵심 라인을 타고 승승장구 하게 된다

정권이 교체되는 중요한 시기,
새로운 판을 짜며 기회를 노리던 이들 앞에
예상치 못한 위기가 닥치는데…

2017년, 대한민국이 속 시원하게 뒤집힌다!"
48,2007,미국 의회 위안부 결의안,"21세기, 2000년대, 위안부 미 하원 청문회, 일본군 위안부, 일본군 성노예제",아이 캔 스피크,"여성,","감독
김현석
배우
[주연] 나문희 | 이제훈(민재)
[조연] 박철민 | 염혜란(진주댁)

인권, 할머니, 노인, 용기, 감동, 슬픔, 나문희 청룡 여우주연상 수상",2017.09.21,12,"3,280,243"," 118분 32초","꼭…하고 싶은 말이 있고, 듣고 싶은 말이 있다!

온 동네를 휘저으며 무려 8천 건에 달하는 민원을 넣어 도깨비 할매라고 불리는 ‘옥분’. 20여 년간 누구도 막을 수 없었던 그녀 앞에 원칙주의 9급 공무원 ‘민재’가 나타나면서 팽팽한 긴장감이 흐른다. 민원 접수만큼이나 열심히 공부하던 영어가 좀처럼 늘지 않아 의기소침한 ‘옥분’은 원어민 수준의 영어를 구사하는 ‘민재’를 본 후 선생님이 되어 달라며 시간과 장소를 불문하고 부탁하기에 이른다. 둘만의 특별한 거래를 통해 결코 어울리지 않을 것 같았던 두 사람의 영어 수업이 시작되고, 함께하는 시간이 계속 될수록 서로를 이해하고 소통하게 되면서 친구이자 가족이 되어 간다. ‘옥분’이 영어 공부에 매달리는 이유가 내내 궁금하던 ‘민재’는 어느 날, 그녀가 영어로 꼭 하고 싶은 말이 있다는 것을 알게 되는데..."
49,2012,국정원·국방부 여론조작 의혹,"21세기, 2010년대, 국정원 선거 개입, 댓글 조작, 삼성 댓글 알바, 드루킹, SNS, 스마트폰, 인터넷",댓글부대,"느와르, 범죄, 수사, 미스테리, 드라마","안국진 감독, 손석구(임상진) | 김성철(찡뻣킹) | 김동휘(찻탓캇) | 홍경(팹택)

언론, 기자",2024.03.27,15,"972,991",109분 25초,"실력 있지만 허세 가득한 사회부 기자 ‘임상진’
대기업 ‘만전’의 비리를 취재하지만 오보로 판명되며 정직당한다.
그러던 어느 날, 온라인 여론을 조작했다는 의문의 제보자가 찾아오는데…

“기자님 기사 오보 아니었어요. 다 저희들이 만든 수법이에요”"
50,2016,고위 공무원 국민 개·돼지 발언,"“대중들은 개돼지” 발언
검언유착, 정경유착, 박근혜 최순실 게이트, 검찰, 검사",내부자들,"느와르, 범죄","감독
우민호
배우
[주연] 이병헌(안상구) | 조승우(우장훈) | 백윤식(이강희)
사회 풍자, 복수극, 권력투쟁, 암투, 음모","2015-11-19
",19,"7,072,021",130분 6초,"“복수극으로 가자고, 화끈하게”
유력한 대통령 후보와 재벌 회장, 그들을 돕는 정치깡패 안상구(이병헌). 뒷거래의 판을 짠 이는 대한민국 여론을 움직이는 유명 논설주간 이강희(백윤식)다. 더 큰 성공을 원한 안상구는 이들의 비자금 파일로 거래를 준비하다 발각되고, 이 일로 폐인이 되어 버려진다.

“넌 복수를 원하고,
난 정의를 원한다. 그림 좋잖아?”
빽 없고 족보가 없어 늘 승진을 눈 앞에 두고 주저 앉는 검사 우장훈(조승우). 마침내 대선을 앞둔 대대적인 비자금 조사의 저격수가 되는 기회를 잡는다. 그러나 비자금 파일을 가로챈 안상구 때문에 수사는 종결되고, 우장훈은 책임을 떠 앉고 좌천된다.

자신을 폐인으로 만든 일당에게 복수를 계획하는 정치깡패 안상구. 비자금 파일과 안상구라는 존재를 이용해 성공하고 싶은 무족보 검사 우장훈. 그리고 비자금 스캔들을 덮어야 하는 대통령 후보와 재벌, 그들의 설계자 이강희

과연 살아남는 자는 누가 될 것인가?"